"country","year","good","gamma","qType","P","pType","taste"
"Austria",2013,"light_sour",2.77247722449955,4470.17,110.677165842389,106.980436985618,0.0695764587397158
"Austria",2013,"light_sweet",2.77247722449955,36453.504,110.677165842389,111.959267756537,0.643649948802292
"Austria",2013,"medium_sour",2.77247722449955,13175.466,110.677165842389,107.11498819093,0.205786886416302
"Austria",2013,"medium_sweet",2.77247722449955,4303.54,110.677165842389,114.562629834973,0.0809867060416906
"Austria",2014,"light_sour",2.77247722449955,4517.01,103.823584885204,95.1271549099958,0.06088568492203
"Austria",2014,"light_sweet",2.77247722449955,39024.709,103.823584885204,104.388053374082,0.680554625521572
"Austria",2014,"medium_sour",2.77247722449955,10615.981,103.823584885204,106.423081767008,0.195312824059885
"Austria",2014,"medium_sweet",2.77247722449955,3951.72,103.823584885204,101.206353182918,0.0632468654965127
"Austria",2015,"light_sour",2.77247722449955,1959.87,55.5464562340165,64.649456341492,0.0478259940279883
"Austria",2015,"light_sweet",2.77247722449955,46669.439,55.5464562340165,56.2293960079529,0.773487245657294
"Austria",2015,"medium_sour",2.77247722449955,12130.841,55.5464562340165,52.5135580459755,0.166337881528427
"Austria",2015,"medium_sweet",2.77247722449955,1319.57,55.5464562340165,45.7542457012512,0.0123488787862904
"Austria",2016,"heavy_sour",2.77247722449955,139.82,42.868448494377,46.4119582320126,0.0031692725737839
"Austria",2016,"light_sour",2.77247722449955,2783.76,42.868448494377,44.8407190275024,0.0573526173800924
"Austria",2016,"light_sweet",2.77247722449955,37292.811,42.868448494377,43.5438479818537,0.708286942152282
"Austria",2016,"medium_sour",2.77247722449955,14228.419,42.868448494377,40.6641129277961,0.22353997986941
"Austria",2016,"medium_sweet",2.77247722449955,408.23,42.868448494377,43.3360360581045,0.00765118802443246
"Austria",2017,"light_sour",2.77247722449955,2019.26,54.7231519849994,51.3690906569733,0.030820818235804
"Austria",2017,"light_sweet",2.77247722449955,37384.613,54.7231519849994,56.008433175435,0.725196361325213
"Austria",2017,"medium_sour",2.77247722449955,11027.247,54.7231519849994,49.2344663178398,0.149628713216613
"Austria",2017,"medium_sweet",2.77247722449955,4137.16,54.7231519849994,59.3756369103443,0.0943541072223699
"Austria",2018,"light_sour",2.77247722449955,2925.69,71.2071059941729,71.702832494215,0.0470355298967577
"Austria",2018,"light_sweet",2.77247722449955,48990.998,71.2071059941729,71.450567326675,0.779956500571919
"Austria",2018,"medium_sour",2.77247722449955,10937.382,71.2071059941729,69.6582014781965,0.162284692988861
"Austria",2018,"medium_sweet",2.77247722449955,529.32,71.2071059941729,77.9387704979974,0.010723276542462
"Austria",2019,"light_sweet",2.77247722449955,55501.38,64.4494649949466,64.4180739289726,0.815042352062621
"Austria",2019,"medium_sour",2.77247722449955,11379.18,64.4494649949466,64.0724639209504,0.164630385531665
"Austria",2019,"medium_sweet",2.77247722449955,1102.91,64.4494649949466,69.9188238387538,0.0203272624057135
"Austria",2020,"light_sweet",2.77247722449955,40796.273,43.710907064531,44.9683626835471,0.771046365995189
"Austria",2020,"medium_NA",2.77247722449955,347.405,43.710907064531,42.511,0.00561864603611791
"Austria",2020,"medium_sweet",2.77247722449955,2152.498,43.710907064531,48.9666731499867,0.0515188859740466
"Austria",2020,"medium_sour",2.77247722449955,11832.128,43.710907064531,39.4128896871298,0.155148088240345
"Austria",2020,"light_sour",2.77247722449955,1572.728,43.710907064531,36.4998805953731,0.0166680137543022
"Austria",2021,"light_sweet",2.77247722449955,45982.303,68.97695116351,68.9896019087822,0.7958300008804
"Austria",2021,"light_sour",2.77247722449955,2693.297,68.97695116351,64.5087494361001,0.038694968041978
"Austria",2021,"medium_sour",2.77247722449955,9064.69,68.97695116351,70.2225799808929,0.164782697047164
"Austria",2021,"medium_sweet",2.77247722449955,33.129,68.97695116351,73.8441316067494,0.000692334030457976
"Austria",2022,"light_sweet",2.77247722449955,33161.698,97.9344736873981,97.7772794481151,0.837619962636715
"Austria",2022,"medium_sour",2.77247722449955,6236.654,97.9344736873981,98.7677558248381,0.161993541067396
"Austria",2022,"medium_sweet",2.77247722449955,14.778,97.9344736873981,99.0128005819461,0.000386496295889805
"Austria",2023,"light_sweet",2.77247722449955,48730.125,83.183933287641,83.4758397196395,0.850701462353141
"Austria",2023,"medium_sweet",2.77247722449955,600.835,83.183933287641,88.8153615401899,0.0124563321361893
"Austria",2023,"medium_sour",2.77247722449955,8489.121,83.183933287641,81.109726062451,0.136842205510669
"Austria",20132019,"heavy_sour",2.77247722449955,139.82,71.9579829510231,46.4119582320126,9.8365152991925e-05
"Austria",20132019,"light_sour",2.77247722449955,18675.76,71.9579829510231,78.8695715729908,0.0571472286134047
"Austria",20132019,"light_sweet",2.77247722449955,301317.454,71.9579829510231,71.594485465817,0.705040738694797
"Austria",20132019,"medium_sour",2.77247722449955,83494.516,71.9579829510231,69.3528906617052,0.178873534305564
"Austria",20132019,"medium_sweet",2.77247722449955,15752.45,71.9579829510231,84.7516583134687,0.0588401332332425
"Belgium",2013,"heavy_sour",9.64552965420098,3940.12,108.474051286007,92.505558206349,0.00416497419751042
"Belgium",2013,"light_sour",9.64552965420098,41951.5,108.474051286007,108.412116134107,0.204891407581509
"Belgium",2013,"light_sweet",9.64552965420098,60357.04,108.474051286007,110.554101592788,0.356010344693692
"Belgium",2013,"medium_sour",9.64552965420098,83671.63,108.474051286007,107.469067926608,0.375626366034237
"Belgium",2013,"medium_sweet",9.64552965420098,9713.11,108.474051286007,110.951009511887,0.0593069074930508
"Belgium",2014,"heavy_sour",9.64552965420098,4576.38,98.4175252043162,77.8596510779262,0.00198457588583911
"Belgium",2014,"light_sour",9.64552965420098,57120.25,98.4175252043162,96.1236578971556,0.189092250903965
"Belgium",2014,"light_sweet",9.64552965420098,70490.822,98.4175252043162,100.649110149404,0.363689295056661
"Belgium",2014,"medium_sour",9.64552965420098,82022.068,98.4175252043162,99.2616194705064,0.370151727913201
"Belgium",2014,"medium_sweet",9.64552965420098,18206.03,98.4175252043162,98.338776767917,0.0750821502403337
"Belgium",2015,"heavy_sour",9.64552965420098,3990.159,51.7314317687812,42.3951075633828,0.00243315047178897
"Belgium",2015,"light_sour",9.64552965420098,68190.279,51.7314317687812,50.6357014612009,0.230657667815679
"Belgium",2015,"light_sweet",9.64552965420098,65299.7879,51.7314317687812,53.8053287306313,0.396729913553603
"Belgium",2015,"medium_sour",9.64552965420098,61908.4451,51.7314317687812,50.5508983620072,0.206050577799788
"Belgium",2015,"medium_sweet",9.64552965420098,28760.793,51.7314317687812,53.4570980014355,0.16412869035914
"Belgium",2016,"heavy_sour",9.64552965420098,2558.614,42.1923156155136,35.8769005406834,0.00228063180656356
"Belgium",2016,"light_sour",9.64552965420098,71879.688,42.1923156155136,41.3375046925635,0.251269437486623
"Belgium",2016,"light_sweet",9.64552965420098,58192.3976,42.1923156155136,43.7129228715608,0.348701806589076
"Belgium",2016,"medium_sour",9.64552965420098,84440.5494,42.1923156155136,41.8334839967301,0.331166376876411
"Belgium",2016,"medium_sweet",9.64552965420098,10226.019,42.1923156155136,44.0908461054101,0.066581747241326
"Belgium",2017,"heavy_sour",9.64552965420098,2640.066,53.0117277189871,47.9991598694881,0.00383810764060821
"Belgium",2017,"light_sour",9.64552965420098,64969.1,53.0117277189871,52.2395018554975,0.213712972994827
"Belgium",2017,"light_sweet",9.64552965420098,65978.277,53.0117277189871,55.8800384556874,0.415652811703406
"Belgium",2017,"medium_sour",9.64552965420098,104833.688,53.0117277189871,51.4681485211128,0.298751527485248
"Belgium",2017,"medium_sweet",9.64552965420098,8701.69,53.0117277189871,57.1462382594645,0.0680445801759112
"Belgium",2018,"heavy_sour",9.64552965420098,4199.962,70.616804050421,60.8949771450313,0.00408119467858155
"Belgium",2018,"light_sour",9.64552965420098,42940.324,70.616804050421,70.8170464666266,0.178950481217637
"Belgium",2018,"light_sweet",9.64552965420098,81478.8967,70.616804050421,71.7870225162241,0.387168257206034
"Belgium",2018,"medium_sour",9.64552965420098,91500.7163,70.616804050421,69.0043200022468,0.296939950608197
"Belgium",2018,"medium_sweet",9.64552965420098,17024.831,70.616804050421,75.5759231912493,0.13286011628955
"Belgium",2019,"heavy_sour",9.64552965420098,14154.859,63.7946930924734,58.4387898176874,0.0235326165689683
"Belgium",2019,"light_sour",9.64552965420098,36375.36,63.7946930924734,63.7734331701459,0.140446106651214
"Belgium",2019,"light_sweet",9.64552965420098,96141.1556,63.7946930924734,65.2479982048396,0.462771625976337
"Belgium",2019,"medium_sour",9.64552965420098,89041.8924,63.7946930924734,62.6927477790218,0.291543200006313
"Belgium",2019,"medium_sweet",9.64552965420098,14877.834,63.7946930924734,66.1459934288822,0.0817064507971677
"Belgium",2020,"medium_sour",9.64552965420098,26298.425,37.4580240030163,38.5582186471243,0.931137153297906
"Belgium",2020,"light_sweet",9.64552965420098,7421.962,37.4580240030163,33.559676593871,0.0688628467020937
"Belgium",2021,"light_sweet",9.64552965420098,530.098,63.524,63.524,1
"Belgium",20132019,"heavy_sour",9.64552965420098,36060.16,68.8842715108129,60.771418651498,0.00631069082837748
"Belgium",20132019,"light_sour",9.64552965420098,383426.501,68.8842715108129,65.7687710010425,0.143803465278802
"Belgium",20132019,"light_sweet",9.64552965420098,497938.3768,68.8842715108129,71.5626849390493,0.421632903513383
"Belgium",20132019,"medium_sour",9.64552965420098,597418.9892,68.8842715108129,68.7750932842294,0.344826057960831
"Belgium",20132019,"medium_sweet",9.64552965420098,107510.307,68.8842715108129,70.9180908580235,0.0834268824186067
"Euro Area",2013,"heavy_sour",4.18689513510261,105155.705,105.959399575396,100.2441212676,0.0297076505748828
"Euro Area",2013,"light_sour",4.18689513510261,441911.549,105.959399575396,107.692713228909,0.168538064565228
"Euro Area",2013,"light_sweet",4.18689513510261,1285209.7208,105.959399575396,110.678854307806,0.549629456566714
"Euro Area",2013,"medium_sour",4.18689513510261,725779.5682,105.959399575396,96.3414393326263,0.173633660612075
"Euro Area",2013,"medium_sweet",4.18689513510261,188816.503,105.959399575396,109.931789272678,0.0784911676810998
"Euro Area",2014,"heavy_sour",4.18689513510261,119128.975,96.6267710127181,87.3278945193644,0.0276325999173856
"Euro Area",2014,"light_sour",4.18689513510261,511289.852,96.6267710127181,96.1190942510629,0.177208140759863
"Euro Area",2014,"light_sweet",4.18689513510261,1281132.6076,96.6267710127181,100.753636578191,0.540800429326835
"Euro Area",2014,"medium_sour",4.18689513510261,615018.9378,96.6267710127181,89.1305370798616,0.155397987276582
"Euro Area",2014,"medium_sweet",4.18689513510261,247970.671,96.6267710127181,99.4117753304785,0.0989608427193344
"Euro Area",2015,"heavy_sour",4.18689513510261,111902.662,50.5418065254498,41.7824298496134,0.0160204429486116
"Euro Area",2015,"light_sour",4.18689513510261,567776.488,50.5418065254498,50.5434601423651,0.180363009874785
"Euro Area",2015,"light_sweet",4.18689513510261,1367320.9239,50.5418065254498,53.6470281576447,0.557442788982325
"Euro Area",2015,"medium_sour",4.18689513510261,725734.3697,50.5418065254498,45.2469295709036,0.145030449279032
"Euro Area",2015,"medium_sweet",4.18689513510261,267371.134,50.5418065254498,52.696483256117,0.101143308915248
"Euro Area",2016,"heavy_sour",4.18689513510261,95603.175,40.9712476934847,34.3219389941809,0.0145838537668081
"Euro Area",2016,"light_sour",4.18689513510261,594165.151,40.9712476934847,41.4549978882892,0.199826849664787
"Euro Area",2016,"light_sweet",4.18689513510261,1268611.4021,40.9712476934847,43.5444107112365,0.524189841043541
"Euro Area",2016,"medium_sour",4.18689513510261,891824.4078,40.9712476934847,37.5470126979406,0.198145044746935
"Euro Area",2016,"medium_sweet",4.18689513510261,183061.625,40.9712476934847,41.723671468556,0.0632544107779292
"Euro Area",2017,"heavy_sour",4.18689513510261,95023.21,51.8438391568584,46.5866648790332,0.0194832805322002
"Euro Area",2017,"light_sour",4.18689513510261,594896.993,51.8438391568584,51.6019737722897,0.18715091453301
"Euro Area",2017,"light_sweet",4.18689513510261,1283493.186,51.8438391568584,54.8133664567814,0.519905984690579
"Euro Area",2017,"medium_sour",4.18689513510261,895702.035,51.8438391568584,47.7706150695527,0.203999830744635
"Euro Area",2017,"medium_sweet",4.18689513510261,174292.478,51.8438391568584,54.6005020939572,0.0694599894995752
"Euro Area",2018,"heavy_sour",4.18689513510261,97826.973,66.6816682401211,61.6044382769566,0.0220833834672671
"Euro Area",2018,"light_sour",4.18689513510261,504996.16,66.6816682401211,69.4473506293592,0.188276669053548
"Euro Area",2018,"light_sweet",4.18689513510261,1361599.9414,66.6816682401211,71.7689902171436,0.582574735250916
"Euro Area",2018,"medium_sour",4.18689513510261,819366.089,66.6816682401211,55.8275832379487,0.122472915987517
"Euro Area",2018,"medium_sweet",4.18689513510261,192594.623,66.6816682401211,72.2197404233866,0.0845922962407528
"Euro Area",2019,"heavy_sour",4.18689513510261,116465.17,60.7788904833878,55.893795286608,0.0253003499561478
"Euro Area",2019,"light_sour",4.18689513510261,478329.565,60.7788904833878,62.9375212673714,0.170795148500648
"Euro Area",2019,"light_sweet",4.18689513510261,1489136.6125,60.7788904833878,65.2958752446227,0.62025911709183
"Euro Area",2019,"medium_sour",4.18689513510261,744263.5559,60.7788904833878,49.807508891354,0.0997756327364784
"Euro Area",2019,"medium_sweet",4.18689513510261,195293.862,60.7788904833878,65.7744320709885,0.0838697517148958
"Euro Area",2020,"light_sour",4.18689513510261,164486.501,42.837937160948,39.7378404622699,0.0870598019139697
"Euro Area",2020,"light_sweet",4.18689513510261,742754.438,42.837937160948,44.1079817127461,0.608489556521319
"Euro Area",2020,"medium_sweet",4.18689513510261,100727.065,42.837937160948,47.0721863175106,0.108348287418563
"Euro Area",2020,"heavy_sour",4.18689513510261,9766.973,42.837937160948,40.0794407701342,0.00535811125778222
"Euro Area",2020,"medium_NA",4.18689513510261,347.405,42.837937160948,42.511,0.000243886180417174
"Euro Area",2020,"medium_sour",4.18689513510261,333522.289,42.837937160948,40.3591337886177,0.188374361824296
"Euro Area",2020,"heavy_sweet",4.18689513510261,3493,42.837937160948,41.0862210134555,0.00212599488365272
"Euro Area",2021,"light_sweet",4.18689513510261,827560.558,69.8531891857446,69.8191029700741,0.602169032500544
"Euro Area",2021,"heavy_sour",4.18689513510261,1062,69.8531891857446,71.2863276836158,0.000843061185053952
"Euro Area",2021,"medium_sweet",4.18689513510261,142090.878,69.8531891857446,71.7539933338296,0.115928671766977
"Euro Area",2021,"medium_sour",4.18689513510261,255072.99,69.8531891857446,68.7470735867683,0.173959025882544
"Euro Area",2021,"light_sour",4.18689513510261,143306.694,69.8531891857446,70.1541340124489,0.106387273696319
"Euro Area",2021,"heavy_sweet",4.18689513510261,1220,69.8531891857446,66.2567049180328,0.000712934968563095
"Euro Area",2022,"light_sweet",4.18689513510261,887218.714,98.8560371481882,102.181385906762,0.661029750879191
"Euro Area",2022,"medium_sweet",4.18689513510261,173049.418,98.8560371481882,106.526743074045,0.153492882935529
"Euro Area",2022,"heavy_sour",4.18689513510261,869,98.8560371481882,102.570310701956,0.000657836509443342
"Euro Area",2022,"medium_sour",4.18689513510261,330220.654,98.8560371481882,87.1451091894331,0.126345457699338
"Euro Area",2022,"heavy_sweet",4.18689513510261,6073,98.8560371481882,88.2277292935946,0.00244686023263062
"Euro Area",2022,"light_sour",4.18689513510261,100353,98.8560371481882,95.3761756001315,0.0560272117438685
"Euro Area",2023,"heavy_sour",4.18689513510261,6144.61,85.9919612607896,79.7796017273676,0.00266568369777038
"Euro Area",2023,"medium_sweet",4.18689513510261,211101.579,85.9919612607896,87.2528166095716,0.133236753444627
"Euro Area",2023,"light_sweet",4.18689513510261,1168537.337,85.9919612607896,86.3201169055988,0.70507138700562
"Euro Area",2023,"light_sour",4.18689513510261,95396,85.9919612607896,86.4625389638979,0.0579586592622718
"Euro Area",2023,"medium_sour",4.18689513510261,172474.221,85.9919612607896,82.1560914690028,0.0846082339042234
"Euro Area",2023,"heavy_sweet",4.18689513510261,27461,85.9919612607896,86.18275081024,0.0164592826854872
"Euro Area",2024,"medium_sweet",4.18689513510261,2876.231,81.7846677896472,81.3101146587322,0.514852681562287
"Euro Area",2024,"light_sweet",4.18689513510261,2574.442,81.7846677896472,82.3148504180712,0.485147318437713
"Euro Area",20132019,"heavy_sour",4.18689513510261,741105.87,66.7260952583302,61.8864964623745,0.0251263404894509
"Euro Area",20132019,"light_sour",4.18689513510261,3693365.758,66.7260952583302,66.5889251887086,0.170153209326044
"Euro Area",20132019,"light_sweet",4.18689513510261,9336504.3943,66.7260952583302,71.2499704632627,0.570984537597904
"Euro Area",20132019,"medium_sour",4.18689513510261,5417688.9634,66.7260952583302,58.4499391235391,0.14460340159661
"Euro Area",20132019,"medium_sweet",4.18689513510261,1449400.896,66.7260952583302,71.3443712325396,0.0891325109899915
"France",2013,"heavy_sour",3.93592730751418,1448,109.527665917811,109.533839779006,0.00373088907066128
"France",2013,"light_sour",3.93592730751418,83711.416,109.527665917811,107.72978681904,0.202041479474291
"France",2013,"light_sweet",3.93592730751418,227100.632,109.527665917811,110.879340045166,0.613948105130738
"France",2013,"medium_sour",3.93592730751418,54102.036,109.527665917811,106.951479607902,0.126903971241943
"France",2013,"medium_sweet",3.93592730751418,21328,109.527665917811,108.726134658665,0.053375555082366
"France",2014,"heavy_sour",3.93592730751418,870,99.0095621450769,81.6448275862069,0.00105944951615339
"France",2014,"light_sour",3.93592730751418,91133.5,99.0095621450769,96.1213604217988,0.210989966041
"France",2014,"light_sweet",3.93592730751418,208415.02,99.0095621450769,100.190869640777,0.568056953361428
"France",2014,"medium_sour",3.93592730751418,45055.88,99.0095621450769,101.181774720636,0.127654777165811
"France",2014,"medium_sweet",3.93592730751418,38006.5,99.0095621450769,97.2794916658992,0.0922388539156074
"France",2015,"heavy_sour",3.93592730751418,290.516,53.2266136921391,53.9643599664046,0.000764022285749715
"France",2015,"light_sour",3.93592730751418,90490.652,53.2266136921391,51.9864231832477,0.205452007743105
"France",2015,"light_sweet",3.93592730751418,225548.437,53.2266136921391,54.0447108928536,0.596649197175403
"France",2015,"medium_sour",3.93592730751418,37733.207,53.2266136921391,50.881578843802,0.0787246452325019
"France",2015,"medium_sweet",3.93592730751418,46338.934,53.2266136921391,53.5713877233343,0.118410127563241
"France",2016,"heavy_sour",3.93592730751418,199.9,43.4954976700831,42.7213606803402,0.000469190042253117
"France",2016,"light_sour",3.93592730751418,80721.3,43.4954976700831,44.0325663734355,0.21340206705884
"France",2016,"light_sweet",3.93592730751418,223815.29,43.4954976700831,44.1952419783295,0.600348850750687
"France",2016,"medium_sour",3.93592730751418,54451.91,43.4954976700831,41.5949982287123,0.115047382415983
"France",2016,"medium_sweet",3.93592730751418,36040.3,43.4954976700831,40.822773395338,0.0707325097322365
"France",2017,"light_sour",3.93592730751418,66475.6,54.4820931040715,53.1948715017239,0.147393690752906
"France",2017,"light_sweet",3.93592730751418,241504.82,54.4820931040715,55.1710893389208,0.618151011250328
"France",2017,"medium_sour",3.93592730751418,84524.78,54.4820931040715,52.6848339623008,0.180439731763372
"France",2017,"medium_sweet",3.93592730751418,16407.1,54.4820931040715,58.8147204563878,0.0540155662333939
"France",2018,"heavy_sour",3.93592730751418,640.4,71.5247731762839,62.5390381011868,0.000998090556962352
"France",2018,"light_sour",3.93592730751418,58109.8,71.5247731762839,69.658405294804,0.138438630379817
"France",2018,"light_sweet",3.93592730751418,222576.53,71.5247731762839,72.0800876893894,0.606601446978061
"France",2018,"medium_sour",3.93592730751418,71200.67,71.5247731762839,70.7136913177924,0.179967267423423
"France",2018,"medium_sweet",3.93592730751418,25221.9,71.5247731762839,73.4420880266752,0.0739945646617376
"France",2019,"light_sour",3.93592730751418,60427.5,64.9806707349642,64.5355839642547,0.16589171990865
"France",2019,"light_sweet",3.93592730751418,205526.48,64.9806707349642,64.8570325342019,0.575374921392706
"France",2019,"medium_sour",3.93592730751418,52889.22,64.9806707349642,63.7364929942245,0.138248244136925
"France",2019,"medium_sweet",3.93592730751418,34998.5,64.9806707349642,68.3553866594283,0.120485114561718
"France",2020,"medium_sweet",3.93592730751418,1944.476,36.6500936467958,18.0326746804795,0.0117502328364562
"France",2020,"light_sweet",3.93592730751418,4806.401,36.6500936467958,44.1819505105795,0.988249767163544
"France",2021,"light_sweet",3.93592730751418,16297.3,78.1044466000997,80.1039561215661,0.95138050388205
"France",2021,"medium_sour",3.93592730751418,2150.3,78.1044466000997,62.95,0.04861949611795
"France",2022,"light_sweet",3.93592730751418,45084.66,103.951018533577,103.951018533577,1
"France",2023,"medium_sour",3.93592730751418,5723.1,85.481682389449,91.587212297531,0.104723980704128
"France",2023,"light_sweet",3.93592730751418,65784.6,85.481682389449,84.9505161557568,0.895276019295872
"France",20132019,"heavy_sour",3.93592730751418,3448.816,70.6324130922639,85.218669247649,0.00266292483569654
"France",20132019,"light_sour",3.93592730751418,531069.768,70.6324130922639,70.6507197167359,0.196057974830678
"France",20132019,"light_sweet",3.93592730751418,1554487.209,70.6324130922639,71.3036286360332,0.595037419988319
"France",20132019,"medium_sour",3.93592730751418,399957.703,70.6324130922639,68.4797125835079,0.130586065336924
"France",20132019,"medium_sweet",3.93592730751418,218341.234,70.6324130922639,69.5220674625297,0.0756556150083826
"Germany",2013,"heavy_sour",5.82614705003908,7821,109.555351690724,103.661807952947,0.00899504673736763
"Germany",2013,"light_sour",5.82614705003908,19570,109.555351690724,108.951865099642,0.0300794103399761
"Germany",2013,"light_sweet",5.82614705003908,399886.6,109.555351690724,110.562861321185,0.669506354411145
"Germany",2013,"medium_sour",5.82614705003908,177853.4,109.555351690724,107.227594749383,0.249101594325919
"Germany",2013,"medium_sweet",5.82614705003908,22736,109.555351690724,112.590781140042,0.0423175941855926
"Germany",2014,"heavy_sour",5.82614705003908,10148,99.7917116289369,96.1295821836815,0.0134139877009099
"Germany",2014,"light_sour",5.82614705003908,20999,99.7917116289369,99.4352112005334,0.0338004300136028
"Germany",2014,"light_sweet",5.82614705003908,390530,99.7917116289369,100.948994699511,0.686448582582652
"Germany",2014,"medium_sour",5.82614705003908,156569,99.7917116289369,96.6928070052181,0.214123739018946
"Germany",2014,"medium_sweet",5.82614705003908,26891,99.7917116289369,102.688148451155,0.0522132606838892
"Germany",2015,"heavy_sour",5.82614705003908,6280,52.6618283952819,47.6171974522293,0.00548208767504717
"Germany",2015,"light_sour",5.82614705003908,41696,52.6618283952819,51.8717382962394,0.0599267831624142
"Germany",2015,"light_sweet",5.82614705003908,390947.7,52.6618283952819,53.81835984711,0.696404523479364
"Germany",2015,"medium_sour",5.82614705003908,171016.3,52.6618283952819,50.1707731953036,0.202395765507054
"Germany",2015,"medium_sweet",5.82614705003908,18108,52.6618283952819,54.7874972387895,0.0357908401761211
"Germany",2016,"heavy_sour",5.82614705003908,2989,42.8165725880956,38.8049514887922,0.00277307115121414
"Germany",2016,"light_sour",5.82614705003908,32323,42.8165725880956,42.3062215759676,0.0496051618784757
"Germany",2016,"light_sweet",5.82614705003908,361849.4,42.8165725880956,43.6065429430033,0.662432845003577
"Germany",2016,"medium_sour",5.82614705003908,186389.6,42.8165725880956,41.1811206204638,0.244475614583446
"Germany",2016,"medium_sweet",5.82614705003908,17188,42.8165725880956,45.5782522690249,0.0407133073832869
"Germany",2017,"heavy_sour",5.82614705003908,1897,53.9964277624499,54.5387453874539,0.00370192393222662
"Germany",2017,"light_sour",5.82614705003908,48797,53.9964277624499,51.8404819968441,0.0708545348587926
"Germany",2017,"light_sweet",5.82614705003908,320161.9,53.9964277624499,54.7232815647334,0.637201375263632
"Germany",2017,"medium_sour",5.82614705003908,147172.1,53.9964277624499,52.6217278954367,0.233156268574369
"Germany",2017,"medium_sweet",5.82614705003908,20570,53.9964277624499,57.5832766164317,0.0550858973709796
"Germany",2018,"heavy_sour",5.82614705003908,1293,70.7791484810928,56.5174013921114,0.000639916982249866
"Germany",2018,"light_sour",5.82614705003908,26852,70.7791484810928,69.7570013406823,0.0452943801547411
"Germany",2018,"light_sweet",5.82614705003908,339234.6,70.7791484810928,71.431821518206,0.657052369985092
"Germany",2018,"medium_sour",5.82614705003908,149243.4,70.7791484810928,69.0155718778854,0.236551303125768
"Germany",2018,"medium_sweet",5.82614705003908,24786,70.7791484810928,74.316630355846,0.0604620297521498
"Germany",2019,"heavy_sour",5.82614705003908,5130,64.423413583518,53.5651072124756,0.00296128014858384
"Germany",2019,"light_sour",5.82614705003908,39674,64.423413583518,63.7444674093865,0.0631095103370175
"Germany",2019,"light_sweet",5.82614705003908,375648.4,64.423413583518,65.1843242244609,0.680593658568926
"Germany",2019,"medium_sour",5.82614705003908,140357.6,64.423413583518,62.6628903600518,0.2020804964125
"Germany",2019,"medium_sweet",5.82614705003908,26063,64.423413583518,66.1080842573763,0.051255054532972
"Germany",2020,"light_sweet",5.82614705003908,186725,42.2423789646941,43.6043197697148,0.564426005987442
"Germany",2020,"medium_sour",5.82614705003908,189763,42.2423789646941,40.6784077191022,0.382707552738631
"Germany",2020,"medium_sweet",5.82614705003908,3226,42.2423789646941,55.8120080595164,0.0410791069527608
"Germany",2020,"light_sour",5.82614705003908,4868,42.2423789646941,41.975299096138,0.0117873343211668
"Germany",2021,"light_sweet",5.82614705003908,180769,70.379895697863,70.9875666513617,0.502768437515661
"Germany",2021,"medium_sweet",5.82614705003908,21737,70.379895697863,78.3471216819248,0.107408883716538
"Germany",2021,"light_sour",5.82614705003908,14584,70.379895697863,71.3067423889194,0.0416362712085819
"Germany",2021,"medium_sour",5.82614705003908,154609,70.379895697863,68.4618392202265,0.348186407559219
"Germany",2022,"light_sweet",5.82614705003908,187917,95.4182263799765,103.085237695365,0.648485438907056
"Germany",2022,"medium_sour",5.82614705003908,147360,95.4182263799765,82.1245892372421,0.13525007183712
"Germany",2022,"light_sour",5.82614705003908,7708,95.4182263799765,91.1020018162948,0.012947769552848
"Germany",2022,"medium_sweet",5.82614705003908,47076,95.4182263799765,107.132434531396,0.203316719702976
"Germany",2023,"light_sweet",5.82614705003908,310791,84.681016641739,84.4183780225296,0.871245467406754
"Germany",2023,"medium_sweet",5.82614705003908,10016,84.681016641739,84.36703514377,0.0279786690159833
"Germany",2023,"medium_sour",5.82614705003908,12830,84.681016641739,82.6475014029618,0.0317874592176514
"Germany",2023,"light_sour",5.82614705003908,14704,84.681016641739,92.2204996599565,0.0689884043596108
"Germany",20132019,"heavy_sour",5.82614705003908,35558,71.0109345113717,74.5995837786152,0.0112748585149111
"Germany",20132019,"light_sour",5.82614705003908,229911,71.0109345113717,63.8608374544933,0.0294752937720017
"Germany",20132019,"light_sweet",5.82614705003908,2578258.6,71.0109345113717,72.4109774325973,0.687316149109653
"Germany",20132019,"medium_sour",5.82614705003908,1128601.4,71.0109345113717,68.4966567470145,0.217648858240067
"Germany",20132019,"medium_sweet",5.82614705003908,156342,71.0109345113717,75.7711747323176,0.0542848403633674
"Greece",2013,"light_sour",7.10886817692054,61622,107.568115275997,106.390672162539,0.421095834744039
"Greece",2013,"light_sweet",7.10886817692054,29839.4,107.568115275997,109.649671240038,0.252690139494395
"Greece",2013,"medium_sour",7.10886817692054,43449.6,107.568115275997,107.808486154073,0.326214025761565
"Greece",2014,"heavy_sour",7.10886817692054,546,95.4498701831101,79.4102564102564,0.000996234562707684
"Greece",2014,"light_sour",7.10886817692054,79989,95.4498701831101,93.7245871307305,0.474104187210051
"Greece",2014,"light_sweet",7.10886817692054,31332.5,95.4498701831101,96.502222931461,0.22856298664915
"Greece",2014,"medium_sour",7.10886817692054,34492.5,95.4498701831101,98.74880336305,0.296336591578091
"Greece",2015,"light_sour",7.10886817692054,90620,49.1643890675241,48.2359633634959,0.488904329884824
"Greece",2015,"light_sweet",7.10886817692054,30624.9,49.1643890675241,51.7042406669083,0.270672355270645
"Greece",2015,"medium_sour",7.10886817692054,37987.1,49.1643890675241,49.3315836165435,0.240423314844531
"Greece",2016,"heavy_sour",7.10886817692054,995,40.0150767864239,45.6582914572864,0.0145927250899835
"Greece",2016,"light_sour",7.10886817692054,94462,40.0150767864239,39.8507336283373,0.526689688134655
"Greece",2016,"light_sweet",7.10886817692054,33844.4,40.0150767864239,41.8370926948033,0.266661668766953
"Greece",2016,"medium_sour",7.10886817692054,41822.6,40.0150767864239,38.7775676308981,0.192055918008408
"Greece",2017,"light_sour",7.10886817692054,74785,50.7873531879195,49.9583071471552,0.383279780800438
"Greece",2017,"light_sweet",7.10886817692054,34576.8,50.7873531879195,52.9623996436917,0.268390217444908
"Greece",2017,"medium_sour",7.10886817692054,62286.2,50.7873531879195,50.5753328987802,0.348330001754654
"Greece",2018,"light_sour",7.10886817692054,63449,68.1321993536315,67.1643209506848,0.321239682537427
"Greece",2018,"light_sweet",7.10886817692054,44057.4,68.1321993536315,70.7946610558045,0.324298807248265
"Greece",2018,"medium_sour",7.10886817692054,68863.6,68.1321993536315,67.3205917204445,0.354461510214307
"Greece",2019,"heavy_sour",7.10886817692054,334,62.2334430589374,48.2095808383233,0.000327250801453418
"Greece",2019,"light_sour",7.10886817692054,69318.47,62.2334430589374,61.8181409658926,0.39775640610044
"Greece",2019,"light_sweet",7.10886817692054,46963.75,62.2334430589374,64.2627713928296,0.355033453855597
"Greece",2019,"medium_sour",7.10886817692054,47654.16,62.2334430589374,60.9359111565496,0.24688288924251
"Greece",2021,"light_sweet",7.10886817692054,933.8,72.717,72.717,1
"Greece",20132019,"heavy_sour",7.10886817692054,1875,65.9439182512121,55.9413333333333,0.000510649115116625
"Greece",20132019,"light_sour",7.10886817692054,534245.47,65.9439182512121,64.5232330187096,0.401322322714939
"Greece",20132019,"light_sweet",7.10886817692054,251239.15,65.9439182512121,68.7123982468497,0.295152767277735
"Greece",20132019,"medium_sour",7.10886817692054,336555.76,65.9439182512121,66.188153962957,0.30301426089221
"Italy",2013,"heavy_sour",6.12674015808738,1854.35,110.130375380393,111.192067301211,0.00541471440851684
"Italy",2013,"light_sour",6.12674015808738,79248.32,110.130375380393,108.384379757199,0.197844301380339
"Italy",2013,"light_sweet",6.12674015808738,183083.173,110.130375380393,111.37148806133,0.539911190166254
"Italy",2013,"medium_sour",6.12674015808738,83707.607,110.130375380393,108.911841476964,0.215286131717994
"Italy",2013,"medium_sweet",6.12674015808738,14455.79,110.130375380393,110.90322701146,0.0415436623268972
"Italy",2014,"heavy_sour",6.12674015808738,8641.18,99.0780737895214,98.6231996093126,0.0228626226483448
"Italy",2014,"light_sour",6.12674015808738,92609.66,99.0780737895214,95.8897122611183,0.20626223707564
"Italy",2014,"light_sweet",6.12674015808738,173913.876,99.0780737895214,100.611218848345,0.519983617815249
"Italy",2014,"medium_sour",6.12674015808738,71983.534,99.0780737895214,98.2423067892166,0.185990151857897
"Italy",2014,"medium_sweet",6.12674015808738,17254.71,99.0780737895214,104.452257963188,0.0649013706028698
"Italy",2015,"heavy_sour",6.12674015808738,4005.72,51.9639923502367,50.9424398110702,0.0082023025188855
"Italy",2015,"light_sour",6.12674015808738,114878.03,51.9639923502367,50.0779027982983,0.211810940217146
"Italy",2015,"light_sweet",6.12674015808738,191939.986,51.9639923502367,54.1101206759492,0.568766039372624
"Italy",2015,"medium_sour",6.12674015808738,84675.964,51.9639923502367,49.6734271014618,0.148557001888139
"Italy",2015,"medium_sweet",6.12674015808738,26766.96,51.9639923502367,52.0682359894437,0.0626637160032048
"Italy",2016,"heavy_sour",6.12674015808738,1208.16,42.2733929574035,36.6101426963316,0.00115976616469172
"Italy",2016,"light_sour",6.12674015808738,132610.7,42.2733929574035,40.5481415903845,0.238048334205783
"Italy",2016,"light_sweet",6.12674015808738,183585.794,42.2733929574035,44.2231603116306,0.560756087063022
"Italy",2016,"medium_sour",6.12674015808738,83323.506,42.2733929574035,40.5004434282926,0.148498569936496
"Italy",2016,"medium_sweet",6.12674015808738,18233.51,42.2733929574035,43.6668540505915,0.051537242630008
"Italy",2017,"heavy_sour",6.12674015808738,2219,52.8406646650119,45.1464623704371,0.00179860639176822
"Italy",2017,"light_sour",6.12674015808738,130603,52.8406646650119,51.4487262926579,0.235738228514889
"Italy",2017,"light_sweet",6.12674015808738,205108,52.8406646650119,54.8284069855881,0.546697920637268
"Italy",2017,"medium_sour",6.12674015808738,109996,52.8406646650119,50.853595585294,0.184882398553377
"Italy",2017,"medium_sweet",6.12674015808738,13359,52.8406646650119,53.5692042817576,0.0308828459026974
"Italy",2018,"light_sour",6.12674015808738,137864,70.8620303914374,69.110746822956,0.260970957500859
"Italy",2018,"light_sweet",6.12674015808738,217201.6,70.8620303914374,72.8942862299357,0.569935229738863
"Italy",2018,"medium_sour",6.12674015808738,80210.4,70.8620303914374,68.0681108684161,0.138332406027308
"Italy",2018,"medium_sweet",6.12674015808738,11692,70.8620303914374,72.9259322613753,0.0307614067329698
"Italy",2019,"heavy_sour",6.12674015808738,2542,64.7098853358023,54.5967741935484,0.0019678597371388
"Italy",2019,"light_sour",6.12674015808738,118084,64.7098853358023,62.2375427661664,0.203953915120168
"Italy",2019,"light_sweet",6.12674015808738,230302.5,64.7098853358023,66.3871903257672,0.590722494975331
"Italy",2019,"medium_sour",6.12674015808738,79657.5,64.7098853358023,63.3561196371968,0.153449308755508
"Italy",2019,"medium_sweet",6.12674015808738,18726,64.7098853358023,66.8033215849621,0.0499064214118536
"Italy",2020,"heavy_sour",6.12674015808738,6102,43.287872221635,37.3306211078335,0.00625927370939775
"Italy",2020,"medium_sweet",6.12674015808738,19384,43.287872221635,46.5144975237309,0.0765139220485909
"Italy",2020,"light_sweet",6.12674015808738,183507,43.287872221635,45.6653829009248,0.647035694102904
"Italy",2020,"medium_sour",6.12674015808738,87820,43.287872221635,41.5348305625142,0.173221817704224
"Italy",2020,"light_sour",6.12674015808738,69589,43.287872221635,38.9823469226458,0.09306620380069
"Italy",2020,"heavy_sweet",6.12674015808738,2565,43.287872221635,39.812514619883,0.0039030886341929
"Italy",2021,"heavy_sour",6.12674015808738,403,71.4698043033503,66.3755831265509,0.000612845943619176
"Italy",2021,"medium_sweet",6.12674015808738,32850,71.4698043033503,73.3754228310502,0.0923323314723313
"Italy",2021,"light_sweet",6.12674015808738,249782,71.4698043033503,72.3941972600107,0.64648339468196
"Italy",2021,"medium_sour",6.12674015808738,76618,71.4698043033503,69.0142148059203,0.14794627261687
"Italy",2021,"light_sour",6.12674015808738,54114,71.4698043033503,69.678830801641,0.11081133972266
"Italy",2021,"heavy_sweet",6.12674015808738,1212,71.4698043033503,66.2022937293729,0.00181381556255915
"Italy",2022,"light_sweet",6.12674015808738,268189,99.8687681131033,103.158867589648,0.674373788225324
"Italy",2022,"heavy_sour",6.12674015808738,869,99.8687681131033,102.570310701956,0.00210986754194552
"Italy",2022,"medium_sweet",6.12674015808738,29146,99.8687681131033,105.305655321485,0.083146344897637
"Italy",2022,"medium_sour",6.12674015808738,128691,99.8687681131033,90.286529127911,0.143011206007918
"Italy",2022,"heavy_sweet",6.12674015808738,1238,99.8687681131033,81.7539903069467,0.000748849029723852
"Italy",2022,"light_sour",6.12674015808738,31341,99.8687681131033,106.645653616668,0.0966099442974522
"Italy",2023,"heavy_sour",6.12674015808738,197,85.6247575777057,90.4004568527919,0.000599806562501647
"Italy",2023,"medium_sweet",6.12674015808738,35166,85.6247575777057,88.950040664278,0.0969685340158985
"Italy",2023,"light_sweet",6.12674015808738,291200,85.6247575777057,86.7590253090659,0.689187710457733
"Italy",2023,"light_sour",6.12674015808738,48043,85.6247575777057,85.6945617467685,0.1054212968169
"Italy",2023,"heavy_sweet",6.12674015808738,4165,85.6247575777057,80.7847851140456,0.00636683453315915
"Italy",2023,"medium_sour",6.12674015808738,72322,85.6247575777057,79.6601603937944,0.101455817613808
"Italy",20132019,"heavy_sour",6.12674015808738,20470.41,68.6320503034522,75.507373325693,0.0122235300292258
"Italy",20132019,"light_sour",6.12674015808738,805897.71,68.6320503034522,64.7676017344682,0.187981820354912
"Italy",20132019,"light_sweet",6.12674015808738,1385134.929,68.6320503034522,71.3000636914847,0.582116292212262
"Italy",20132019,"medium_sour",6.12674015808738,593554.511,68.6320503034522,67.1709408017624,0.173078737048118
"Italy",20132019,"medium_sweet",6.12674015808738,120487.97,68.6320503034522,69.8379729528184,0.0445996203554825
"Netherlands",2013,"heavy_sour",131.05,5328,108.521221584653,106.751565315315,0.000355130381849535
"Netherlands",2013,"light_sour",131.05,62936,108.521221584653,106.722325695945,0.00404698499826731
"Netherlands",2013,"light_sweet",131.05,172051.1,108.521221584653,110.169799786226,0.713401255755387
"Netherlands",2013,"medium_sour",131.05,125314.9,108.521221584653,106.68860095647,0.00773120434425255
"Netherlands",2013,"medium_sweet",131.05,29447,108.521221584653,110.852834923761,0.274465424520244
"Netherlands",2014,"heavy_sour",131.05,5007,99.539017467035,93.6253485120831,1.11516559037105e-06
"Netherlands",2014,"light_sour",131.05,81387,99.539017467035,96.1060348704338,0.000558058170914415
"Netherlands",2014,"light_sweet",131.05,182719.2,99.539017467035,100.666617087859,0.545225417773444
"Netherlands",2014,"medium_sour",131.05,97745.8,99.539017467035,100.993599612464,0.446126326957414
"Netherlands",2014,"medium_sweet",131.05,41453,99.539017467035,98.5932837189106,0.00808908193263739
"Netherlands",2015,"heavy_sour",131.05,2749,51.6491151719549,45.0837213532193,3.23789518849362e-12
"Netherlands",2015,"light_sour",131.05,78576,51.6491151719549,49.9548203013643,6.39230120156319e-05
"Netherlands",2015,"light_sweet",131.05,184035.5,51.6491151719549,52.8896509640803,0.265724056689067
"Netherlands",2015,"medium_sour",131.05,128039.5,51.6491151719549,50.2998284904268,0.000256704365044202
"Netherlands",2015,"medium_sweet",131.05,42470,51.6491151719549,53.9010235460325,0.733955315930636
"Netherlands",2016,"heavy_sour",131.05,878,41.6133641517074,37.7598861047836,9.45349605152426e-10
"Netherlands",2016,"light_sour",131.05,70421,41.6133641517074,41.4455010579231,0.0151475576412892
"Netherlands",2016,"light_sweet",131.05,170136.6,41.6133641517074,42.4947280126675,0.969023806330586
"Netherlands",2016,"medium_sour",131.05,187797.4,41.6133641517074,40.8832678620684,0.00674479332898446
"Netherlands",2016,"medium_sweet",131.05,15307,41.6133641517074,41.7676971320311,0.00908384175379084
"Netherlands",2017,"heavy_sour",131.05,5848,52.5984952118476,57.752019493844,0.984652637905267
"Netherlands",2017,"light_sour",131.05,111472,52.5984952118476,50.6335313800775,6.11915690367756e-07
"Netherlands",2017,"light_sweet",131.05,139276.6,52.5984952118476,53.8588947245984,0.00250070571192475
"Netherlands",2017,"medium_sour",131.05,154726.4,52.5984952118476,52.344482408949,6.61446156255108e-05
"Netherlands",2017,"medium_sweet",131.05,19010,52.5984952118476,55.3685618095739,0.0127798998514925
"Netherlands",2018,"heavy_sour",131.05,12156,70.0038311762391,62.2393739717012,1.23756588770348e-11
"Netherlands",2018,"light_sour",131.05,76001,70.0038311762391,68.6380727885159,2.87213127268164e-05
"Netherlands",2018,"light_sweet",131.05,186262.7,70.0038311762391,70.7437641674903,0.00369224863754278
"Netherlands",2018,"medium_sour",131.05,127813.3,70.0038311762391,69.4265623217615,0.000215796857877613
"Netherlands",2018,"medium_sweet",131.05,27280,70.0038311762391,74.9211502932551,0.996063233179477
"Netherlands",2019,"heavy_sour",131.05,12211,64.0022263021537,63.0597600524118,0.000572241845576127
"Netherlands",2019,"light_sour",131.05,72563,64.0022263021537,62.3069473423095,0.000704705718275843
"Netherlands",2019,"light_sweet",131.05,217253.3,64.0022263021537,64.4740273956713,0.18626531631836
"Netherlands",2019,"medium_sour",131.05,117905.7,64.0022263021537,63.6474933272946,0.0186364146227124
"Netherlands",2019,"medium_sweet",131.05,35140,64.0022263021537,66.1037538417758,0.793821321495076
"Netherlands",2020,"light_sour",131.05,78156,42.3833316032309,39.9015153027279,9.75116557876673e-10
"Netherlands",2020,"light_sweet",131.05,276975,42.3833316032309,42.8121107681199,3.51304409974663e-05
"Netherlands",2020,"medium_sweet",131.05,43578,42.3833316032309,46.9553017577677,0.999939286417229
"Netherlands",2020,"heavy_sour",131.05,1406,42.3833316032309,38.1444167852063,4.79678146317838e-14
"Netherlands",2020,"medium_sour",131.05,17044,42.3833316032309,35.3349266604084,2.57137837230482e-17
"Netherlands",2020,"heavy_sweet",131.05,928,42.3833316032309,44.6067564655172,2.55821666087909e-05
"Netherlands",2021,"light_sweet",131.05,296637,67.3759451474296,66.2515908669519,0.000112012058565192
"Netherlands",2021,"medium_sweet",131.05,42347,67.3759451474296,68.5966942168276,0.00152622358278525
"Netherlands",2021,"medium_sour",131.05,12631,67.3759451474296,70.5460137756314,0.0179068402109127
"Netherlands",2021,"light_sour",131.05,70123,67.3759451474296,70.7582293969168,0.147364732754577
"Netherlands",2021,"heavy_sour",131.05,659,67.3759451474296,74.2894081942337,0.818687873192085
"Netherlands",2021,"heavy_sweet",131.05,8,67.3759451474296,74.5,0.0144023182010749
"Netherlands",2022,"light_sweet",131.05,293560,98.133127301324,99.5055251396648,0.00433185020344821
"Netherlands",2022,"medium_sweet",131.05,56503,98.133127301324,105.033367962763,0.995668087720258
"Netherlands",2022,"heavy_sweet",131.05,4835,98.133127301324,89.8853278179938,1.16524192723116e-10
"Netherlands",2022,"medium_sour",131.05,47933,98.133127301324,92.6332889658482,5.97809052067056e-08
"Netherlands",2022,"light_sour",131.05,61304,98.133127301324,90.1521872960981,2.17886471120169e-09
"Netherlands",2023,"medium_sweet",131.05,123165,87.477163397158,88.5775790200138,0.40125162514671
"Netherlands",2023,"light_sweet",131.05,416969,87.477163397158,88.0146125970995,0.589050623906335
"Netherlands",2023,"heavy_sour",131.05,3644,87.477163397158,84.4161086717892,2.16651843547318e-05
"Netherlands",2023,"light_sour",131.05,32649,87.477163397158,84.9994275475512,0.000478609704887084
"Netherlands",2023,"medium_sour",131.05,73110,87.477163397158,83.9221072356723,0.000201428591443794
"Netherlands",2023,"heavy_sweet",131.05,23296,87.477163397158,87.1478318166209,0.00899604746626987
"Netherlands",20132019,"heavy_sour",131.05,44177,68.8148827598994,69.2437503678384,9.71212034465455e-06
"Netherlands",20132019,"light_sour",131.05,553356,68.8148827598994,66.4387915555266,5.3903154951648e-07
"Netherlands",20132019,"light_sweet",131.05,1251735,68.8148827598994,71.0992697000564,0.00880403047685192
"Netherlands",20132019,"medium_sour",131.05,939343,68.8148827598994,65.8296505770523,2.73659717735901e-07
"Netherlands",20132019,"medium_sweet",131.05,210107,68.8148827598994,74.7194366679835,0.991185444711536
"Portugal",2013,"light_sour",10.9001757805813,10042.96,109.582776912307,108.337915017087,0.110268594392453
"Portugal",2013,"light_sweet",10.9001757805813,29351.909,109.582776912307,110.242404471886,0.389691747405118
"Portugal",2013,"medium_sour",10.9001757805813,4696.465,109.582776912307,107.500712770137,0.0473845862111252
"Portugal",2013,"medium_sweet",10.9001757805813,36107.828,109.582776912307,109.663621195936,0.452655071991303
"Portugal",2014,"light_sour",10.9001757805813,6499.666,100.726526541712,97.1761855147634,0.0574419615746942
"Portugal",2014,"light_sweet",10.9001757805813,29270.492,100.726526541712,102.386488242152,0.45710371354936
"Portugal",2014,"medium_sour",10.9001757805813,8570.129,100.726526541712,98.2178324270265,0.085074385711863
"Portugal",2014,"medium_sweet",10.9001757805813,31069.788,100.726526541712,100.597396834507,0.400379939164082
"Portugal",2015,"light_sour",10.9001757805813,9155.266,53.5210922443445,54.5808628607842,0.121843283854505
"Portugal",2015,"light_sweet",10.9001757805813,38398.159,53.5210922443445,53.9649165732138,0.451559824324364
"Portugal",2015,"medium_sour",10.9001757805813,13754.927,53.5210922443445,50.6082231479673,0.080325362989186
"Portugal",2015,"medium_sweet",10.9001757805813,29388.753,53.5210922443445,53.9743875148428,0.346271528831944
"Portugal",2016,"light_sour",10.9001757805813,19227.98,42.5449569526704,41.6199689202922,0.145140361807774
"Portugal",2016,"light_sweet",10.9001757805813,33285.008,42.5449569526704,42.5283815464308,0.317918124267032
"Portugal",2016,"medium_sour",10.9001757805813,20074.288,42.5449569526704,44.1882636136335,0.291042072305178
"Portugal",2016,"medium_sweet",10.9001757805813,29177.573,42.5449569526704,42.0428299502498,0.245899441620015
"Portugal",2017,"light_sour",10.9001757805813,19679.74,53.2499110768455,52.409412421099,0.180895065285846
"Portugal",2017,"light_sweet",10.9001757805813,37128.6631,53.2499110768455,53.8788628239081,0.46133701853207
"Portugal",2017,"medium_sour",10.9001757805813,18624.2729,53.2499110768455,53.026084792819,0.194474444449903
"Portugal",2017,"medium_sweet",10.9001757805813,15468.845,53.2499110768455,53.0790682820857,0.163293471732181
"Portugal",2018,"light_sour",10.9001757805813,14338.703,71.2027286497459,69.3410568584899,0.126123813724804
"Portugal",2018,"light_sweet",10.9001757805813,37104.8728,71.2027286497459,71.014262202241,0.423244019157214
"Portugal",2018,"medium_sour",10.9001757805813,13231.0072,71.2027286497459,70.3870619917734,0.137011565493317
"Portugal",2018,"medium_sweet",10.9001757805813,18653.664,71.2027286497459,73.5871971318878,0.313620601624664
"Portugal",2019,"light_sour",10.9001757805813,8160.513,65.782459087856,61.5434139986052,0.0504495426241074
"Portugal",2019,"light_sweet",10.9001757805813,38643.7313,65.782459087856,66.7025234180738,0.57450839746791
"Portugal",2019,"medium_sour",10.9001757805813,11391.6817,65.782459087856,65.3519767849553,0.135510539296112
"Portugal",2019,"medium_sweet",10.9001757805813,18081.487,65.782459087856,66.0004710895735,0.239531520611871
"Portugal",2020,"medium_sweet",10.9001757805813,30442.091,48.2635748598535,48.3893732444989,0.368283011414654
"Portugal",2020,"light_sweet",10.9001757805813,37808.866,48.2635748598535,49.5862735676336,0.59699102355947
"Portugal",2020,"light_sour",10.9001757805813,10300.773,48.2635748598535,43.0368502175516,0.0347259650258764
"Portugal",2021,"light_sweet",10.9001757805813,21384.951,70.1196518269538,70.4648400194136,0.323598099014373
"Portugal",2021,"medium_sweet",10.9001757805813,45123.749,70.1196518269538,70.3590319273782,0.671721516480154
"Portugal",2021,"light_sour",10.9001757805813,1792.397,70.1196518269538,59.9748233382448,0.00468038450547382
"Portugal",2022,"light_sweet",10.9001757805813,29148.205,107.397521857077,105.460293534405,0.339872058484794
"Portugal",2022,"medium_sweet",10.9001757805813,40309.64,107.397521857077,108.798346282229,0.660127941515206
"Portugal",2023,"light_sweet",10.9001757805813,32152.022,84.9315057917059,85.9660382158547,0.548649628171904
"Portugal",2023,"medium_sweet",10.9001757805813,34216.593,84.9315057917059,83.9593952937103,0.451350371828096
"Portugal",2024,"medium_sweet",10.9001757805813,2876.231,81.7846677896472,81.3101146587322,0.494245666190707
"Portugal",2024,"light_sweet",10.9001757805813,2574.442,81.7846677896472,82.3148504180712,0.505754333809293
"Portugal",20132019,"light_sour",10.9001757805813,87104.828,69.0961204859572,63.6877051637138,0.0483137407640332
"Portugal",20132019,"light_sweet",10.9001757805813,243182.8352,69.0961204859572,69.6327870594709,0.356806128956671
"Portugal",20132019,"medium_sour",10.9001757805813,90342.7708,69.0961204859572,61.9098356235051,0.0368038992159766
"Portugal",20132019,"medium_sweet",10.9001757805813,177947.938,69.0961204859572,74.6585332053693,0.558076231063319
"Spain",2013,"heavy_sour",3.53829028023707,84764.235,106.858909958996,99.4812599205313,0.16175976815167
"Spain",2013,"light_sour",3.53829028023707,78359.183,106.858909958996,108.015233415591,0.200087273370986
"Spain",2013,"light_sweet",3.53829028023707,125363.0298,106.858909958996,110.446026699332,0.346335439849253
"Spain",2013,"medium_sour",3.53829028023707,65145.6382,106.858909958996,107.246339734223,0.16219492432642
"Spain",2013,"medium_sweet",3.53829028023707,50725.235,106.858909958996,108.038226673568,0.129622594301672
"Spain",2014,"heavy_sour",3.53829028023707,89340.415,97.0736454863451,85.4714215621228,0.134080673089073
"Spain",2014,"light_sour",3.53829028023707,77034.766,97.0736454863451,97.9539489352119,0.187273092995744
"Spain",2014,"light_sweet",3.53829028023707,137346.6026,97.0736454863451,101.171386459908,0.374342472293595
"Spain",2014,"medium_sour",3.53829028023707,44544.8564,97.0736454863451,104.529426890239,0.136277692834613
"Spain",2014,"medium_sweet",3.53829028023707,68632.664,97.0736454863451,98.1490229054783,0.168026068786975
"Spain",2015,"heavy_sour",3.53829028023707,94587.267,49.4339309931809,40.8479092117124,0.104036496660949
"Spain",2015,"light_sour",3.53829028023707,71887.051,49.4339309931809,51.2850353814069,0.176872568579105
"Spain",2015,"light_sweet",3.53829028023707,152894.774,49.4339309931809,53.0731289023652,0.42468457158606
"Spain",2015,"medium_sour",3.53829028023707,53590.898,49.4339309931809,50.35020497324,0.123546934528118
"Spain",2015,"medium_sweet",3.53829028023707,73689.724,49.4339309931809,50.4318939096583,0.170859428645767
"Spain",2016,"heavy_sour",3.53829028023707,86634.681,40.0145091769484,33.8855035433212,0.107814153487276
"Spain",2016,"light_sour",3.53829028023707,89735.723,40.0145091769484,41.8198373461592,0.235091685253645
"Spain",2016,"light_sweet",3.53829028023707,133041.4197,40.0145091769484,43.0337733535175,0.385682045159346
"Spain",2016,"medium_sour",3.53829028023707,68777.4853,40.0145091769484,39.8063684075986,0.15131898131519
"Spain",2016,"medium_sweet",3.53829028023707,55195.715,40.0145091769484,39.6813352268378,0.120093134784543
"Spain",2017,"heavy_sour",3.53829028023707,82419.144,51.7632997969619,45.6049346981813,0.113204587390118
"Spain",2017,"light_sour",3.53829028023707,75375.013,51.7632997969619,52.5820504999449,0.171324916256406
"Spain",2017,"light_sweet",3.53829028023707,165889.3734,51.7632997969619,54.9793918806857,0.44149067590176
"Spain",2017,"medium_sour",3.53829028023707,58515.1946,51.7632997969619,49.2065900264476,0.105174052427638
"Spain",2017,"medium_sweet",3.53829028023707,74185.573,51.7632997969619,52.5982964369636,0.168805768024078
"Spain",2018,"heavy_sour",3.53829028023707,79537.611,68.9653769544099,61.6200340741941,0.112783740859041
"Spain",2018,"light_sour",3.53829028023707,82515.643,68.9653769544099,71.4869448451125,0.197900530306266
"Spain",2018,"light_sweet",3.53829028023707,184692.3439,68.9653769544099,72.1845064688683,0.458438870223326
"Spain",2018,"medium_sour",3.53829028023707,52477.2121,68.9653769544099,65.3957416880384,0.091839608938248
"Spain",2018,"medium_sweet",3.53829028023707,67406.908,68.9653769544099,68.5045660305321,0.139037249673119
"Spain",2019,"heavy_sour",3.53829028023707,82093.311,62.8527104906323,54.6060179007764,0.105720642723185
"Spain",2019,"light_sour",3.53829028023707,73726.722,62.8527104906323,63.7295630748374,0.16402035994761
"Spain",2019,"light_sweet",3.53829028023707,223155.9156,62.8527104906323,65.7744498797413,0.555153947218328
"Spain",2019,"medium_sour",3.53829028023707,38562.1064,62.8527104906323,62.0516788989514,0.0780609771618328
"Spain",2019,"medium_sweet",3.53829028023707,46304.131,62.8527104906323,62.6634589039151,0.0970440729490436
"Spain",2020,"heavy_sour",3.53829028023707,2258.973,46.7034061234283,48.709,0.511086526953539
"Spain",2020,"light_sweet",3.53829028023707,2836.212,46.7034061234283,45.106,0.488913473046461
"Spain",2021,"light_sweet",3.53829028023707,14035.586,74.5468255208582,74.5468255208582,1
"Spain",2022,"light_sweet",3.53829028023707,30158.151,112.931939762288,112.931939762288,1
"Spain",2023,"light_sweet",3.53829028023707,2910.59,77.7978217839369,85.209,0.300949744572712
"Spain",2023,"heavy_sour",3.53829028023707,2303.61,77.7978217839369,71.537,0.128283844048464
"Spain",2023,"medium_sweet",3.53829028023707,7937.151,77.7978217839369,76.8971951568012,0.570766411378825
"Spain",20132019,"heavy_sour",3.53829028023707,599376.664,67.3735447697106,60.0798763196426,0.127725064421748
"Spain",20132019,"light_sour",3.53829028023707,548634.101,67.3735447697106,69.2812275826799,0.193567150382356
"Spain",20132019,"light_sweet",3.53829028023707,1122383.459,67.3735447697106,70.1290210710419,0.413409146903917
"Spain",20132019,"medium_sour",3.53829028023707,381613.391,67.3735447697106,67.5629776733909,0.123191591676434
"Spain",20132019,"medium_sweet",3.53829028023707,436139.95,67.3735447697106,67.7404996056885,0.142107046615545
"Sweden",2020,"light_sweet",2.31085411998887,704,58.69,58.69,1
"Sweden",2021,"light_sweet",2.31085411998887,799,68.0072644124168,73.62,0.527647484387933
"Sweden",2021,"medium_sour",2.31085411998887,1005,68.0072644124168,63.545,0.472352515612067
"United Kingdom",2020,"light_sweet",6.34868976913352,231462.705,44.7099409275123,45.7343025297445,0.875932284237409
"United Kingdom",2020,"medium_sweet",6.34868976913352,61732.239,44.7099409275123,41.3170523197611,0.122586741018461
"United Kingdom",2020,"heavy_sweet",6.34868976913352,1217,44.7099409275123,37.9290024650781,0.00140384128621943
"United Kingdom",2020,"light_sour",6.34868976913352,977.258,44.7099409275123,24.8600191996382,7.71334579105892e-05
"United Kingdom",2021,"light_sweet",6.34868976913352,160136.653,70.3239295281628,70.5908103525368,0.762940068690155
"United Kingdom",2021,"medium_sour",6.34868976913352,714,70.3239295281628,75.23,0.00509558498830046
"United Kingdom",2021,"medium_sweet",6.34868976913352,50304.043,70.3239295281628,69.2927257332577,0.213024136605142
"United Kingdom",2021,"heavy_sweet",6.34868976913352,3531.746,70.3239295281628,71.919,0.0189402097164022
"United Kingdom",2022,"light_sweet",6.34868976913352,167013.464,106.249480207264,105.658374001817,0.699135605703145
"United Kingdom",2022,"medium_sweet",6.34868976913352,59259.4,106.249480207264,107.417350785243,0.275480306440309
"United Kingdom",2022,"medium_sour",6.34868976913352,1999,106.249480207264,122.754367183592,0.0216836368218114
"United Kingdom",2022,"light_sour",6.34868976913352,1044.388,106.249480207264,102.919411467769,0.00370045103473506
"United Kingdom",2023,"light_sweet",6.34868976913352,203109.202,84.0361914551423,83.9482406688644,0.720364252549495
"United Kingdom",2023,"medium_sweet",6.34868976913352,73805.275,84.0361914551423,84.291446159492,0.268632923058087
"United Kingdom",2023,"heavy_sweet",6.34868976913352,2841.871,84.0361914551423,84.2045917904085,0.0102762271510732
"United Kingdom",2023,"light_sour",6.34868976913352,297.655,84.0361914551423,79.151,0.000726597241345163
